[{"model": "foodcartapp.restaurant", "pk": 1, "fields": {"name": "Star Burger Арбат", "address": "Москва, ул. Новый Арбат, 15", "contact_phone": "+7 (967) 157-44-13"}}, {"model": "foodcartapp.restaurant", "pk": 2, "fields": {"name": "Star Burger Цветной", "address": "Москва, Цветной бульвар, 11с2", "contact_phone": "+7 (929) 949-55-36"}}, {"model": "foodcartapp.restaurant", "pk": 3, "fields": {"name": "Star Burger Европейский", "address": "Москва, пл. Киевского Вокзала, 2", "contact_phone": "+7 (929) 680-47-58"}}, {"model": "foodcartapp.productcategory", "pk": 1, "fields": {"name": "Бургер"}}, {"model": "foodcartapp.productcategory", "pk": 2, "fields": {"name": "Ролл"}}, {"model": "foodcartapp.product", "pk": 1, "fields": {"name": "Стейкхаус", "category": 1, "price": "269.00", "image": "steak.jpg", "special_status": false, "description": "Стейкхаус – это сочетание нашей фирменной, приготовленной на огне 100% говядины с ломтиками бекона и соусом «Барбекю», майонезом, листьями свежего салата, помидором и хрустящим луком на воздушной було"}}, {"model": "foodcartapp.product", "pk": 2, "fields": {"name": "Лонг Чизбургер", "category": 1, "price": "219.00", "image": "long_chiz.jpg", "special_status": false, "description": "Лонг Чизбургер – эталон в коллекции чизбургеров! Два приготовленных на огне бифштекса с двумя ломтиками слегка расплавленного сыра, хрустящими огурчиками, рубленым луком, горчицей и кетчупом на длинно"}}, {"model": "foodcartapp.product", "pk": 3, "fields": {"name": "Тройной Воппер", "category": 1, "price": "369.00", "image": "triple_vopper.jpg", "special_status": false, "description": "ВОППЕР® — это вкуснейшая приготовленная на огне 100% говядина с сочными помидорами, свежим нарезанным листовым салатом, густым майонезом, хрустящими маринованными огурчиками и свежим луком на нежной б"}}, {"model": "foodcartapp.product", "pk": 4, "fields": {"name": "Беконайзер", "category": 1, "price": "319.00", "image": "beconizer.jpg", "special_status": false, "description": "Встречай самый внушительный бургер в коллекции Бургер Кинг. Много мяса, много бекона и много сыра - все, как ты любишь, и ничего лишнего!"}}, {"model": "foodcartapp.product", "pk": 5, "fields": {"name": "Фиш Ролл", "category": 2, "price": "199.00", "image": "fish_roll.jpg", "special_status": false, "description": "Наш новый ролл с аппетитной котлеткой из филе белой рыбы, с фирменным соусом, маринованными огурчиками и хрустящим салатом. Легкое рыбное удовольствие!"}}, {"model": "foodcartapp.product", "pk": 6, "fields": {"name": "Шримп Ролл", "category": 2, "price": "209.00", "image": "shrimp_roll.jpg", "special_status": false, "description": "Легкий ролл с нежными королевскими креветками в хрустящей панировке, свежий салат Айсберг и ломтик сыра в пшеничной лепешке под фирменным соусом «Кинг». Внимание! Блюдо содержит аллергены – морепродук"}}, {"model": "foodcartapp.restaurantmenuitem", "pk": 1, "fields": {"restaurant": 1, "product": 6, "availability": true}}, {"model": "foodcartapp.restaurantmenuitem", "pk": 2, "fields": {"restaurant": 2, "product": 6, "availability": true}}, {"model": "foodcartapp.restaurantmenuitem", "pk": 3, "fields": {"restaurant": 3, "product": 6, "availability": true}}, {"model": "foodcartapp.restaurantmenuitem", "pk": 4, "fields": {"restaurant": 1, "product": 5, "availability": true}}, {"model": "foodcartapp.restaurantmenuitem", "pk": 5, "fields": {"restaurant": 2, "product": 5, "availability": true}}, {"model": "foodcartapp.restaurantmenuitem", "pk": 6, "fields": {"restaurant": 3, "product": 5, "availability": true}}, {"model": "foodcartapp.restaurantmenuitem", "pk": 7, "fields": {"restaurant": 1, "product": 4, "availability": true}}, {"model": "foodcartapp.restaurantmenuitem", "pk": 8, "fields": {"restaurant": 2, "product": 4, "availability": true}}, {"model": "foodcartapp.restaurantmenuitem", "pk": 10, "fields": {"restaurant": 1, "product": 3, "availability": true}}, {"model": "foodcartapp.restaurantmenuitem", "pk": 11, "fields": {"restaurant": 2, "product": 3, "availability": true}}, {"model": "foodcartapp.restaurantmenuitem", "pk": 13, "fields": {"restaurant": 1, "product": 2, "availability": true}}, {"model": "foodcartapp.restaurantmenuitem", "pk": 14, "fields": {"restaurant": 2, "product": 2, "availability": true}}, {"model": "foodcartapp.restaurantmenuitem", "pk": 17, "fields": {"restaurant": 2, "product": 1, "availability": true}}, {"model": "foodcartapp.restaurantmenuitem", "pk": 19, "fields": {"restaurant": 3, "product": 3, "availability": true}}, {"model": "foodcartapp.order", "pk": 1, "fields": {"firstname": "VITALIY", "lastname": "KLYUKIN", "phonenumber": "+79021971416", "address": "Минск", "order_status": "НО", "payment_method": "НО", "comment": "", "created_at": "2022-02-05T09:51:53Z", "call_at": null, "deliver_at": null, "restaurant": null}}, {"model": "foodcartapp.orderproducts", "pk": 1, "fields": {"order": 1, "product": 1, "quantity": 1, "price": "269.00"}}, {"model": "foodcartapp.orderproducts", "pk": 2, "fields": {"order": 1, "product": 2, "quantity": 1, "price": "219.00"}}, {"model": "foodcartapp.orderproducts", "pk": 3, "fields": {"order": 1, "product": 3, "quantity": 2, "price": "369.00"}}, {"model": "places.place", "pk": 1, "fields": {"address": "Москва, ул. Новый Арбат, 15", "lat": 55.752141, "lon": 37.59242, "request_time": "2022-02-12T07:24:01.119Z"}}, {"model": "places.place", "pk": 2, "fields": {"address": "Архангельская обл., г. Архангельск", "lat": 64.539911, "lon": 40.515762, "request_time": "2022-02-12T07:24:01.612Z"}}, {"model": "places.place", "pk": 3, "fields": {"address": "Москва, Цветной бульвар, 11с2", "lat": 55.770076, "lon": 37.620429, "request_time": "2022-02-12T07:24:02.279Z"}}, {"model": "places.place", "pk": 4, "fields": {"address": "Москва, пл. Киевского Вокзала, 2", "lat": 55.744637, "lon": 37.566072, "request_time": "2022-02-12T07:24:02.936Z"}}, {"model": "places.place", "pk": 5, "fields": {"address": "ffffffffffffffffff", "lat": null, "lon": null, "request_time": "2022-02-12T09:02:23.471Z"}}, {"model": "places.place", "pk": 6, "fields": {"address": "ffffffffffffffff", "lat": null, "lon": null, "request_time": "2022-02-12T09:02:43.263Z"}}, {"model": "places.place", "pk": 7, "fields": {"address": "fffffffffffffff", "lat": null, "lon": null, "request_time": "2022-02-12T09:04:59.726Z"}}, {"model": "places.place", "pk": 8, "fields": {"address": "ffffffffffffff", "lat": null, "lon": null, "request_time": "2022-02-12T09:23:47.069Z"}}, {"model": "places.place", "pk": 9, "fields": {"address": "gggggggggggggggggggggggggggg", "lat": null, "lon": null, "request_time": "2022-02-12T09:24:55.588Z"}}, {"model": "places.place", "pk": 10, "fields": {"address": "tttttttttttttttttttttttttttttttttttttttttttttt", "lat": null, "lon": null, "request_time": "2022-02-12T09:25:27.454Z"}}, {"model": "places.place", "pk": 11, "fields": {"address": "fffffffffffffffffffffffffffffffffffffffffffffffffffffffffffffffffff", "lat": null, "lon": null, "request_time": "2022-02-12T09:25:53.653Z"}}, {"model": "places.place", "pk": 12, "fields": {"address": "f1f2f3f4f5f6", "lat": 41.338847, "lon": 69.273871, "request_time": "2022-02-12T09:26:25.414Z"}}, {"model": "places.place", "pk": 13, "fields": {"address": "f1f2f3f4f5f6f666666666666666", "lat": 47.833044, "lon": 28.442926, "request_time": "2022-02-12T09:28:10.343Z"}}, {"model": "places.place", "pk": 14, "fields": {"address": "f2f3f5", "lat": null, "lon": null, "request_time": "2022-02-12T09:31:59.031Z"}}, {"model": "places.place", "pk": 15, "fields": {"address": "f2f3f5frrrrrrrrrrr", "lat": null, "lon": null, "request_time": "2022-02-12T09:36:45.043Z"}}, {"model": "places.place", "pk": 16, "fields": {"address": "f2f3f5frrrrrrrrrr", "lat": null, "lon": null, "request_time": "2022-02-13T09:40:51.933Z"}}, {"model": "places.place", "pk": 17, "fields": {"address": "Минск", "lat": 53.902284, "lon": 27.561831, "request_time": "2022-02-13T10:38:55.492Z"}}, {"model": "places.place", "pk": 18, "fields": {"address": "sdfsdfdfsdfsdf", "lat": null, "lon": null, "request_time": "2022-03-11T07:20:30.448Z"}}, {"model": "places.place", "pk": 19, "fields": {"address": "fgfgggfggfggfggfffdsssssssssssss", "lat": null, "lon": null, "request_time": "2022-03-11T07:22:23.254Z"}}]